Num_Acc,senc,catv,occutc,obs,obsm,choc,manv,num_veh
201100037118,0,7,0,0.0,2.0,5.0,0.0,A01
201100024737,0,7,0,0.0,0.0,0.0,0.0,B01
201100021472,0,7,0,0.0,2.0,1.0,17.0,A01
201100015834,0,33,0,0.0,2.0,3.0,1.0,B01
201100060425,0,32,0,0.0,2.0,3.0,1.0,B01
201100029961,0,7,0,0.0,2.0,1.0,2.0,A01
201100049742,0,7,0,0.0,2.0,3.0,2.0,B01
201100041737,0,34,0,0.0,2.0,4.0,2.0,B01
201100023979,0,7,0,0.0,2.0,1.0,2.0,A01
201100065731,0,7,0,0.0,2.0,6.0,24.0,B01
201100047368,0,7,0,0.0,1.0,1.0,15.0,A01
201100037970,1,7,0,0.0,2.0,7.0,1.0,Z01
201100043013,0,2,0,0.0,2.0,1.0,1.0,A01
201100034164,1,7,0,0.0,1.0,1.0,1.0,Z01
201100051177,0,7,0,0.0,2.0,3.0,15.0,A01
201100039218,0,1,0,0.0,2.0,1.0,1.0,A01
201100057896,0,7,0,0.0,2.0,4.0,23.0,B01
201100039935,0,7,0,0.0,2.0,1.0,2.0,B01
201100051257,0,13,0,0.0,0.0,5.0,16.0,A01
201100027917,0,33,0,0.0,0.0,2.0,1.0,B01
201100053563,0,7,0,4.0,0.0,3.0,1.0,A01
201100037810,0,1,0,0.0,2.0,0.0,0.0,B01
201100051353,0,32,0,0.0,1.0,3.0,21.0,A01
201100053289,0,7,0,0.0,0.0,4.0,23.0,A01
201100004770,0,7,0,0.0,2.0,1.0,1.0,A01
201100061759,0,34,0,1.0,0.0,7.0,21.0,A01
201100064337,0,33,0,0.0,2.0,2.0,1.0,B01
201100066255,0,7,0,0.0,2.0,1.0,15.0,A01
201100046980,0,33,0,0.0,2.0,1.0,1.0,B01
201100048745,0,7,0,0.0,2.0,1.0,16.0,B01
201100031909,0,7,0,0.0,2.0,7.0,1.0,B01
201100001165,0,10,0,0.0,2.0,1.0,1.0,B02
201100015960,0,7,0,0.0,2.0,4.0,2.0,D01
201100039250,0,14,0,2.0,2.0,1.0,1.0,B01
201100013325,0,7,0,0.0,2.0,9.0,1.0,A01
201100018643,0,33,0,9.0,0.0,9.0,1.0,A01
201100039375,0,7,0,0.0,2.0,2.0,15.0,A01
201100055579,0,20,0,0.0,2.0,1.0,1.0,A01
201100062407,0,7,0,0.0,1.0,3.0,1.0,A01
201100037948,0,7,0,0.0,2.0,1.0,2.0,A01
201100031263,0,7,0,0.0,0.0,4.0,23.0,B01
201100053673,0,7,0,0.0,2.0,8.0,11.0,B01
201100053108,0,14,0,6.0,0.0,7.0,14.0,A01
201100007262,0,7,0,0.0,0.0,3.0,15.0,A01
201100041385,0,1,0,0.0,2.0,2.0,19.0,A01
201100039557,0,7,0,0.0,2.0,3.0,15.0,A01
201100011008,0,7,0,0.0,2.0,3.0,17.0,B02
201100032954,0,1,0,0.0,0.0,0.0,16.0,A01
201100055157,0,33,0,0.0,0.0,7.0,18.0,A01
201100016943,0,10,0,0.0,0.0,8.0,1.0,C03
201100056745,0,33,0,0.0,2.0,1.0,1.0,B01
201100029386,0,10,0,0.0,2.0,1.0,1.0,B01
201100061333,0,10,0,0.0,2.0,3.0,15.0,A01
201100052045,0,1,0,0.0,2.0,1.0,1.0,B01
201100011404,0,10,0,0.0,9.0,7.0,2.0,A01
201100000931,0,7,0,0.0,2.0,8.0,1.0,B02
201100013370,0,10,0,0.0,1.0,7.0,1.0,A01
201100060909,0,32,0,0.0,2.0,1.0,5.0,B01
201100013031,0,7,0,0.0,2.0,7.0,15.0,A01
201100003972,0,10,0,0.0,0.0,5.0,15.0,B02
201100054844,0,33,0,0.0,2.0,1.0,2.0,A01
201100053103,0,7,0,0.0,2.0,8.0,11.0,E01
201100015305,0,33,0,0.0,2.0,0.0,17.0,A01
201100037301,0,7,0,0.0,2.0,0.0,0.0,A01
201100003535,0,31,0,0.0,2.0,1.0,1.0,B02
201100007655,0,7,0,0.0,2.0,1.0,13.0,A01
201100043396,0,33,0,0.0,0.0,8.0,2.0,B01
201100052345,0,7,0,0.0,2.0,3.0,15.0,A01
201100053690,0,10,0,0.0,2.0,1.0,1.0,A01
201100058300,0,7,0,0.0,1.0,4.0,4.0,A01
201100027209,0,14,0,0.0,2.0,1.0,2.0,A01
201100013242,0,7,0,0.0,0.0,3.0,1.0,B02
201100018415,0,7,0,0.0,2.0,1.0,9.0,A01
201100062740,0,10,0,0.0,2.0,3.0,1.0,A01
201100017973,0,2,0,0.0,2.0,1.0,13.0,A01
201100042354,0,7,0,14.0,2.0,1.0,1.0,B01
201100009588,0,7,0,0.0,2.0,1.0,2.0,D04
201100001390,0,7,0,0.0,2.0,3.0,1.0,A01
201100037170,0,1,0,0.0,2.0,8.0,1.0,B01
201100047225,0,7,0,0.0,1.0,3.0,1.0,A01
201100058762,0,2,0,0.0,2.0,3.0,1.0,B01
201100052629,0,7,0,0.0,2.0,3.0,15.0,B01
201100006119,0,7,0,0.0,2.0,3.0,13.0,A01
201100034345,0,7,0,0.0,2.0,1.0,1.0,A01
201100041287,0,33,0,0.0,0.0,0.0,0.0,A01
201100032106,0,7,0,0.0,2.0,1.0,1.0,B01
201100010167,0,7,0,0.0,2.0,5.0,1.0,A02
201100059357,0,7,0,1.0,0.0,2.0,14.0,A01
201100030249,0,30,0,0.0,1.0,0.0,0.0,A01
201100061933,0,32,0,0.0,2.0,8.0,9.0,A01
201100029722,0,7,0,0.0,2.0,1.0,1.0,A01
201100027512,0,7,0,0.0,0.0,4.0,1.0,B01
201100043876,0,7,0,0.0,0.0,0.0,15.0,A01
201100062611,0,7,0,0.0,2.0,3.0,15.0,A01
201100017551,0,7,0,0.0,2.0,3.0,1.0,B02
201100046819,0,33,0,0.0,2.0,1.0,1.0,B01
201100055642,0,31,0,0.0,2.0,3.0,1.0,A01
201100040379,0,7,0,0.0,0.0,3.0,1.0,B01
201100043167,0,30,0,0.0,2.0,1.0,15.0,B01
201100024292,1,7,0,0.0,2.0,2.0,2.0,A01
201100035371,0,37,1,0.0,1.0,2.0,1.0,A01
201100023034,0,30,0,12.0,0.0,1.0,0.0,A01
201100005130,0,7,0,13.0,0.0,7.0,21.0,C03
201100016182,0,7,0,0.0,2.0,4.0,1.0,B01
201100043838,0,7,0,0.0,2.0,1.0,1.0,A01
201100012741,0,7,0,0.0,2.0,3.0,17.0,A01
201100056829,0,7,0,0.0,0.0,1.0,1.0,A01
201100041306,0,7,0,0.0,2.0,3.0,0.0,B01
201100015117,0,7,0,0.0,2.0,1.0,2.0,B01
201100063824,0,7,0,0.0,2.0,6.0,23.0,B01
201100026251,0,7,0,0.0,2.0,1.0,1.0,A01
201100001285,0,33,0,11.0,0.0,1.0,1.0,A01
201100020416,2,7,0,0.0,1.0,4.0,4.0,A01
201100049375,0,1,0,0.0,2.0,1.0,2.0,A01
201100060210,0,1,0,0.0,2.0,1.0,1.0,B01
201100060859,0,14,0,0.0,2.0,2.0,1.0,B01
201100049642,0,7,0,0.0,2.0,4.0,1.0,B01
201100055523,0,33,0,0.0,2.0,1.0,2.0,A01
201100054777,0,7,0,0.0,2.0,2.0,14.0,A01
201100051327,0,7,0,0.0,2.0,4.0,23.0,A01
201100005190,0,7,0,1.0,1.0,2.0,1.0,A01
201100065581,0,30,0,6.0,0.0,1.0,1.0,A01
201100058997,0,7,0,0.0,2.0,0.0,15.0,A01
201100021449,0,7,0,0.0,1.0,3.0,1.0,A01
201100002603,0,7,0,0.0,1.0,0.0,1.0,A01
201100066394,0,30,0,16.0,0.0,7.0,1.0,A01
201100060091,0,30,0,0.0,9.0,0.0,21.0,A01
201100045548,0,7,0,0.0,2.0,1.0,15.0,A01
201100012695,0,7,0,0.0,2.0,8.0,15.0,A01
201100066190,0,2,0,0.0,2.0,1.0,1.0,B01
201100055554,0,32,0,0.0,2.0,1.0,1.0,B01
201100015687,0,7,0,0.0,2.0,7.0,15.0,A01
201100011135,0,17,0,0.0,2.0,8.0,1.0,B02
201100043136,0,30,0,0.0,2.0,1.0,1.0,B01
201100020804,0,30,0,11.0,0.0,7.0,13.0,A01
201100030464,1,30,0,0.0,2.0,2.0,2.0,Z01
201100013362,0,10,0,0.0,1.0,1.0,1.0,A01
201100026797,2,30,0,0.0,2.0,1.0,0.0,A01
201100064049,0,32,0,0.0,2.0,1.0,2.0,A01
201100020088,0,7,0,15.0,2.0,3.0,0.0,A01
201100048168,0,31,0,0.0,2.0,1.0,1.0,B01
201100047008,0,7,0,0.0,2.0,2.0,23.0,B01
201100052532,0,33,0,0.0,2.0,1.0,1.0,B01
201100051694,0,7,0,0.0,1.0,4.0,20.0,A01
201100037465,0,7,0,0.0,0.0,4.0,1.0,B01
201100002043,0,7,0,0.0,2.0,1.0,15.0,A01
201100013464,0,30,0,0.0,2.0,3.0,21.0,A01
201100024562,0,7,0,0.0,2.0,1.0,2.0,A01
201100018530,0,7,0,0.0,2.0,1.0,23.0,C01
201100031978,0,7,0,0.0,0.0,3.0,19.0,B01
201100014409,0,1,0,0.0,0.0,0.0,2.0,C03
201100033341,0,7,0,0.0,2.0,6.0,16.0,B01
201100051588,0,33,0,0.0,2.0,4.0,1.0,B01
201100022462,0,32,0,2.0,0.0,7.0,13.0,A01
201100031343,0,3,0,0.0,2.0,1.0,1.0,A01
201100005044,0,7,0,8.0,0.0,3.0,1.0,A01
201100026954,0,7,0,0.0,2.0,8.0,13.0,A01
201100002776,0,7,0,3.0,2.0,3.0,1.0,B01
201100000191,0,7,0,0.0,2.0,2.0,1.0,B02
201100045907,0,7,0,0.0,2.0,1.0,2.0,A01
201100014658,0,2,0,0.0,0.0,0.0,1.0,A01
201100003845,0,2,0,0.0,2.0,1.0,1.0,B02
201100009988,0,7,0,0.0,2.0,3.0,1.0,B02
201100029527,0,7,0,0.0,2.0,4.0,2.0,C01
201100029301,0,7,0,0.0,2.0,6.0,2.0,B01
201100020938,1,7,0,0.0,2.0,0.0,1.0,Z01
201100036373,0,7,0,0.0,2.0,4.0,1.0,B01
201100004435,0,2,0,0.0,2.0,1.0,13.0,B02
201100039533,0,37,1,0.0,0.0,0.0,24.0,A01
201100045232,0,7,0,0.0,2.0,1.0,1.0,A01
201100047446,0,7,0,0.0,1.0,3.0,1.0,A01
201100051991,0,2,0,0.0,2.0,8.0,1.0,B01
201100018810,0,7,0,0.0,2.0,3.0,10.0,A01
201100061601,0,7,0,0.0,2.0,4.0,23.0,B01
201100065755,0,31,0,0.0,2.0,8.0,1.0,A01
201100036622,0,7,0,0.0,2.0,3.0,15.0,A01
201100033574,0,7,0,0.0,2.0,4.0,20.0,A01
201100016321,0,31,0,14.0,2.0,1.0,1.0,A01
201100018720,0,30,0,0.0,1.0,1.0,1.0,A01
201100042270,0,34,0,0.0,2.0,2.0,1.0,B01
201100048432,0,7,0,0.0,2.0,4.0,1.0,A01
201100000558,0,7,0,0.0,2.0,7.0,1.0,A01
201100066700,0,7,0,0.0,2.0,0.0,0.0,B01
201100051650,0,7,0,0.0,2.0,3.0,15.0,B01
201100058585,0,7,0,0.0,1.0,3.0,7.0,A01
201100023497,0,7,0,6.0,0.0,1.0,14.0,A01
201100050154,0,37,35,0.0,2.0,1.0,2.0,B01
201100015432,0,14,0,0.0,0.0,8.0,15.0,B01
201100020424,0,7,0,0.0,2.0,4.0,2.0,C01
201100051289,0,1,0,0.0,2.0,4.0,1.0,B01
201100047132,0,32,0,11.0,0.0,1.0,17.0,A01
201100051974,0,34,0,0.0,2.0,1.0,16.0,A01
201100052487,0,7,0,0.0,1.0,1.0,15.0,A01
201100050630,0,7,0,0.0,1.0,1.0,1.0,A01
201100003152,0,7,0,2.0,0.0,7.0,1.0,A01
201100065433,0,7,0,0.0,9.0,1.0,1.0,A01
201100012521,0,7,0,0.0,2.0,2.0,17.0,B02
201100047062,0,1,0,0.0,2.0,3.0,1.0,A01
201100065353,0,10,0,0.0,2.0,3.0,1.0,A01
201100064142,0,7,0,8.0,2.0,7.0,1.0,A01
201100016087,0,7,0,0.0,2.0,9.0,1.0,B01
201100027414,0,7,0,6.0,0.0,1.0,1.0,A01
201100060258,0,7,0,0.0,2.0,1.0,1.0,A01
201100001144,0,7,0,0.0,1.0,2.0,1.0,A01
201100050277,0,33,0,0.0,2.0,1.0,2.0,B01
201100020202,0,33,0,0.0,0.0,7.0,0.0,B01
201100023453,0,7,0,0.0,2.0,3.0,16.0,B01
201100025938,0,7,0,0.0,2.0,5.0,2.0,B01
201100062839,0,7,0,0.0,1.0,2.0,7.0,A01
201100000633,0,7,0,0.0,0.0,1.0,1.0,A01
201100044226,0,7,0,0.0,2.0,3.0,1.0,B01
201100005872,0,2,0,0.0,2.0,1.0,13.0,A01
201100025959,0,7,0,0.0,2.0,1.0,15.0,B01
201100056732,0,7,0,0.0,2.0,2.0,0.0,A01
201100063434,0,33,0,0.0,1.0,1.0,1.0,A01
201100064435,0,7,0,0.0,2.0,2.0,12.0,A01
201100052606,0,7,0,4.0,2.0,1.0,13.0,A01
201100005538,0,17,0,0.0,2.0,1.0,1.0,B02
201100065627,0,33,0,0.0,2.0,1.0,1.0,B02
201100032399,0,7,0,0.0,2.0,1.0,1.0,A01
201100016088,0,2,0,0.0,2.0,7.0,1.0,B01
201100030576,0,7,0,0.0,0.0,5.0,16.0,B01
201100047391,0,10,0,0.0,1.0,2.0,15.0,A01
201100049723,0,7,0,0.0,2.0,1.0,23.0,B01
201100019801,0,33,0,0.0,2.0,1.0,17.0,A01
201100011188,0,10,0,0.0,2.0,3.0,13.0,A01
201100044538,0,7,0,1.0,0.0,5.0,14.0,A01
201100060088,0,33,0,0.0,2.0,2.0,23.0,B01
201100016002,0,33,0,0.0,2.0,0.0,1.0,B01
201100013909,0,7,0,0.0,2.0,3.0,13.0,B02
201100020310,0,7,0,0.0,2.0,8.0,15.0,A01
201100059070,0,7,0,0.0,2.0,3.0,15.0,B01
201100018941,0,10,0,0.0,2.0,1.0,0.0,A01
201100032984,0,7,0,0.0,2.0,1.0,1.0,C01
201100050750,0,7,0,0.0,0.0,8.0,1.0,A01
201100057001,0,7,0,0.0,2.0,6.0,1.0,B01
201100014086,0,7,0,0.0,2.0,3.0,1.0,A01
201100025055,0,7,0,0.0,2.0,1.0,1.0,A01
201100045034,0,10,0,0.0,2.0,7.0,1.0,A01
201100002337,0,7,0,0.0,2.0,3.0,1.0,B02
201100056165,0,31,0,0.0,2.0,1.0,3.0,B01
201100033948,0,7,0,0.0,2.0,1.0,1.0,B01
201100029027,0,7,0,0.0,2.0,1.0,0.0,B01
201100064753,0,7,0,4.0,2.0,4.0,2.0,A01
201100026780,0,7,0,0.0,2.0,3.0,15.0,B01
201100033771,0,34,0,0.0,2.0,1.0,1.0,B01
201100025487,0,7,0,0.0,2.0,1.0,9.0,A01
201100000702,0,31,0,0.0,0.0,0.0,1.0,B02
201100036928,0,7,0,0.0,2.0,1.0,1.0,B01
201100056247,0,7,0,0.0,0.0,4.0,2.0,B01
201100009358,0,7,0,0.0,2.0,4.0,2.0,B02
201100016888,0,17,0,0.0,2.0,5.0,2.0,E05
201100051360,0,37,1,0.0,1.0,1.0,16.0,A01
201100001128,0,7,0,0.0,2.0,1.0,15.0,A01
201100033871,0,7,0,0.0,1.0,3.0,1.0,A01
201100056563,0,10,0,0.0,2.0,1.0,2.0,B01
201100046087,0,7,0,0.0,1.0,2.0,15.0,A01
201100023167,0,7,0,0.0,0.0,4.0,0.0,B01
201100045005,0,7,0,0.0,1.0,1.0,1.0,A01
201100055148,1,7,0,0.0,2.0,1.0,0.0,Z01
201100031491,0,7,0,0.0,2.0,1.0,1.0,B01
201100058056,0,33,0,0.0,2.0,7.0,1.0,B01
201100021515,0,7,0,0.0,2.0,3.0,2.0,A01
201100027035,0,15,0,0.0,2.0,4.0,0.0,B01
201100010722,0,7,0,13.0,0.0,2.0,1.0,A01
201100058752,0,2,0,0.0,2.0,1.0,17.0,B01
201100055086,0,17,0,0.0,2.0,3.0,11.0,A01
201100010772,0,10,0,0.0,2.0,2.0,1.0,A01
201100002120,0,33,0,16.0,0.0,1.0,0.0,A01
201100044206,0,7,0,0.0,2.0,1.0,2.0,A01
201100039404,0,3,0,0.0,2.0,2.0,9.0,A01
201100002699,0,7,0,14.0,0.0,1.0,2.0,A01
201100058626,0,2,0,0.0,0.0,0.0,15.0,A01
201100063722,0,34,0,0.0,2.0,7.0,1.0,B01
201100032651,0,7,0,0.0,2.0,4.0,2.0,B01
201100045595,0,33,0,0.0,2.0,3.0,1.0,A01
201100050549,0,7,0,0.0,2.0,1.0,6.0,A01
201100061023,0,30,0,0.0,0.0,5.0,16.0,B01
201100046328,0,30,0,0.0,2.0,2.0,1.0,A01
201100066948,0,7,0,0.0,1.0,2.0,1.0,A01
201100025851,0,7,0,0.0,2.0,4.0,23.0,B01
201100029251,0,30,0,11.0,0.0,1.0,1.0,A01
201100032473,0,33,0,0.0,2.0,1.0,1.0,A01
201100065208,0,7,0,0.0,2.0,3.0,1.0,C03
201100054149,0,7,0,0.0,2.0,6.0,11.0,A01
201100012117,0,7,0,0.0,2.0,1.0,5.0,A01
201100062745,0,30,0,1.0,1.0,7.0,14.0,A01
201100032968,0,7,0,0.0,2.0,3.0,1.0,A01
201100020605,0,10,0,0.0,2.0,0.0,16.0,A01
201100050550,0,7,0,0.0,2.0,6.0,1.0,A01
201100062143,0,33,0,0.0,2.0,7.0,3.0,A01
201100064903,0,7,0,0.0,2.0,0.0,1.0,B01
201100053848,0,7,0,0.0,2.0,1.0,11.0,B01
201100054857,0,17,0,0.0,0.0,0.0,1.0,A01
201100011045,0,21,0,0.0,0.0,6.0,19.0,B02
201100061344,0,7,0,0.0,2.0,3.0,1.0,B01
201100028301,0,7,0,0.0,0.0,0.0,0.0,B01
201100024126,0,7,0,0.0,2.0,8.0,1.0,B01
201100015791,0,32,0,0.0,2.0,1.0,1.0,A01
201100013180,0,7,0,0.0,2.0,1.0,1.0,B02
201100061668,0,7,0,0.0,2.0,1.0,1.0,A01
201100049705,0,7,0,14.0,2.0,1.0,15.0,B01
201100023009,0,7,0,0.0,9.0,3.0,0.0,A01
201100024874,0,7,0,0.0,2.0,1.0,1.0,B01
201100021512,0,1,0,0.0,2.0,1.0,19.0,A01
201100022688,0,7,0,0.0,2.0,3.0,9.0,A01
201100043657,0,2,0,0.0,2.0,1.0,2.0,A01
201100000547,0,33,0,0.0,0.0,7.0,0.0,A01
201100007047,0,7,0,0.0,0.0,3.0,13.0,A01
201100027394,0,7,0,0.0,2.0,1.0,9.0,B01
201100042165,0,7,0,0.0,2.0,2.0,2.0,B01
201100060544,0,7,0,1.0,0.0,1.0,14.0,A01
201100023426,0,2,0,0.0,2.0,1.0,2.0,A01
201100012974,1,99,0,0.0,0.0,0.0,0.0,A01
201100040384,0,7,0,0.0,0.0,3.0,1.0,B01
201100042691,0,7,0,1.0,0.0,1.0,1.0,A01
201100012673,0,7,0,0.0,2.0,1.0,1.0,B02
201100017348,0,7,0,0.0,2.0,7.0,14.0,A01
201100063243,0,30,0,0.0,2.0,2.0,1.0,B01
201100042068,0,33,0,0.0,2.0,1.0,1.0,B01
201100051118,0,7,0,0.0,2.0,4.0,1.0,C01
201100014663,0,7,0,0.0,2.0,3.0,15.0,B01
201100060985,0,2,0,0.0,2.0,7.0,14.0,A01
201100033992,0,30,0,0.0,2.0,3.0,2.0,B01
201100056774,0,7,0,0.0,0.0,1.0,1.0,A01
201100019665,0,7,0,0.0,2.0,1.0,14.0,A01
201100003271,0,30,0,15.0,0.0,1.0,1.0,A01
201100034745,0,7,0,0.0,1.0,1.0,15.0,A01
201100022610,0,1,0,0.0,2.0,0.0,1.0,B01
201100020522,0,31,0,0.0,2.0,3.0,1.0,B01
201100041906,0,7,0,0.0,2.0,2.0,0.0,A01
201100026209,0,7,0,0.0,9.0,1.0,16.0,A01
201100044009,0,7,0,0.0,2.0,4.0,2.0,B01