Num_Acc,senc,catv,occutc,obs,obsm,choc,manv,num_veh
201100004533,0,7,0,0.0,2.0,3.0,1.0,B02
201100041515,0,10,0,0.0,0.0,7.0,5.0,A01
201100031250,0,7,0,0.0,2.0,6.0,23.0,B01
201100043026,0,2,0,12.0,0.0,1.0,1.0,A01
201100004895,0,7,0,0.0,2.0,2.0,14.0,A01
201100066390,0,7,0,0.0,9.0,8.0,10.0,A01
201100056290,0,7,0,0.0,1.0,3.0,1.0,A01
201100017789,0,31,0,0.0,2.0,1.0,1.0,A01
201100044706,0,30,0,0.0,2.0,1.0,9.0,B01
201100026038,0,7,0,0.0,9.0,7.0,1.0,A01
201100043845,0,7,0,0.0,1.0,2.0,1.0,A01
201100057506,0,17,0,0.0,2.0,3.0,13.0,D01
201100026107,0,2,0,0.0,2.0,1.0,1.0,B01
201100037633,0,7,0,0.0,2.0,1.0,1.0,B01
201100028475,0,7,0,0.0,2.0,3.0,1.0,C01
201100017684,0,1,0,0.0,2.0,4.0,1.0,B02
201100063993,0,31,0,0.0,2.0,1.0,1.0,B01
201100034242,0,7,0,0.0,2.0,2.0,1.0,A01
201100029614,0,7,0,0.0,2.0,3.0,9.0,A01
201100026144,0,7,0,0.0,2.0,7.0,15.0,B01
201100065073,0,7,0,0.0,2.0,2.0,1.0,B02
201100009423,0,7,0,8.0,0.0,3.0,14.0,A01
201100044705,0,7,0,0.0,2.0,1.0,1.0,A01
201100044205,0,7,0,0.0,2.0,4.0,1.0,B01
201100056976,0,33,0,0.0,0.0,8.0,1.0,C01
201100041970,0,7,0,0.0,1.0,1.0,1.0,A01
201100004105,0,7,0,0.0,2.0,3.0,15.0,A01
201100058390,0,32,0,0.0,1.0,1.0,1.0,A01
201100033355,0,31,0,0.0,2.0,2.0,1.0,B01
201100049043,0,7,0,15.0,2.0,7.0,15.0,A01
201100038622,0,2,0,0.0,2.0,7.0,15.0,A01
201100039313,0,1,0,0.0,0.0,5.0,2.0,A02
201100051624,0,7,0,0.0,1.0,1.0,15.0,A01
201100026716,0,7,0,0.0,2.0,1.0,1.0,A01
201100025350,0,7,0,0.0,2.0,3.0,15.0,A01
201100036238,0,1,0,0.0,0.0,4.0,11.0,B01
201100043604,0,33,0,0.0,2.0,1.0,17.0,A01
201100037976,0,7,0,0.0,2.0,7.0,16.0,A01
201100005235,0,7,0,0.0,2.0,3.0,1.0,B02
201100043126,0,31,0,0.0,2.0,7.0,21.0,B01
201100017728,0,33,0,0.0,2.0,1.0,1.0,B02
201100043135,0,7,0,0.0,2.0,1.0,1.0,A01
201100051559,0,7,0,0.0,2.0,2.0,15.0,A01
201100030483,0,31,0,0.0,2.0,1.0,1.0,A01
201100038010,0,7,0,0.0,2.0,1.0,1.0,A01
201100055992,0,32,0,0.0,2.0,8.0,1.0,B01
201100013234,0,31,0,0.0,0.0,8.0,1.0,A01
201100047331,0,7,0,0.0,2.0,4.0,1.0,C01
201100009330,0,10,0,0.0,0.0,9.0,1.0,A01
201100061669,0,7,0,0.0,2.0,4.0,23.0,B01
201100051012,0,7,0,0.0,2.0,1.0,2.0,A01
201100005259,0,30,0,0.0,2.0,3.0,13.0,A01
201100048192,0,7,0,0.0,2.0,3.0,1.0,B01
201100003336,0,10,0,0.0,2.0,1.0,1.0,B02
201100011978,0,7,0,0.0,2.0,8.0,21.0,B02
201100036418,0,7,0,0.0,2.0,1.0,16.0,A01
201100018916,0,7,0,0.0,0.0,3.0,17.0,A01
201100027087,0,2,0,0.0,2.0,3.0,19.0,A01
201100061460,0,7,0,0.0,2.0,5.0,14.0,A01
201100003751,0,99,0,0.0,2.0,8.0,19.0,B02
201100030938,0,2,0,0.0,2.0,1.0,1.0,B01
201100019712,0,7,0,0.0,2.0,5.0,15.0,B01
201100056691,0,7,0,0.0,2.0,1.0,2.0,A01
201100036849,0,7,0,0.0,2.0,1.0,1.0,B01
201100035021,0,3,0,0.0,1.0,1.0,1.0,A01
201100040030,0,7,0,0.0,2.0,1.0,9.0,A01
201100064131,0,7,0,0.0,2.0,4.0,2.0,B01
201100021717,0,7,0,0.0,0.0,4.0,23.0,A01
201100026432,0,33,0,0.0,2.0,7.0,1.0,B01
201100023769,0,7,0,0.0,2.0,1.0,1.0,B01
201100006955,0,13,0,0.0,0.0,2.0,16.0,B02
201100025274,0,7,0,0.0,2.0,2.0,1.0,B01
201100017778,0,7,0,0.0,2.0,1.0,1.0,B02
201100054921,0,7,0,0.0,2.0,4.0,1.0,B01
201100005430,0,7,0,0.0,2.0,1.0,1.0,B02
201100004839,0,7,0,0.0,2.0,8.0,9.0,B02
201100003128,0,30,0,0.0,2.0,1.0,17.0,B02
201100062905,0,7,0,0.0,2.0,3.0,1.0,B01
201100014953,0,33,0,0.0,2.0,1.0,1.0,B01
201100009782,0,33,0,0.0,2.0,1.0,1.0,A01
201100001494,0,7,0,0.0,2.0,7.0,1.0,B02
201100034435,1,7,0,0.0,2.0,0.0,9.0,Z01
201100065463,0,7,0,10.0,0.0,2.0,2.0,A01
201100038721,0,1,0,0.0,9.0,3.0,15.0,A01
201100017105,0,7,0,4.0,0.0,9.0,1.0,A01
201100007309,0,2,0,0.0,2.0,1.0,13.0,A01
201100049257,1,32,0,0.0,1.0,1.0,1.0,Z01
201100056830,1,7,0,0.0,2.0,1.0,2.0,Y01
201100030482,0,7,0,0.0,2.0,6.0,23.0,B01
201100024907,0,7,0,0.0,1.0,1.0,1.0,A01
201100025266,0,7,0,0.0,2.0,3.0,11.0,A01
201100040567,0,2,0,0.0,2.0,3.0,0.0,B01
201100023498,0,15,0,3.0,0.0,1.0,1.0,A01
201100052086,0,30,0,0.0,2.0,1.0,17.0,A01
201100024961,0,37,10,0.0,2.0,1.0,1.0,B01
201100050912,0,7,0,0.0,2.0,2.0,16.0,A01
201100057084,0,7,0,4.0,0.0,2.0,1.0,A01
201100057640,0,7,0,0.0,2.0,4.0,2.0,B01
201100020756,0,30,0,0.0,0.0,4.0,2.0,B01
201100001495,0,7,0,0.0,2.0,1.0,1.0,B02
201100049394,0,7,0,0.0,2.0,4.0,1.0,B01
201100011321,0,7,0,13.0,0.0,9.0,21.0,A01
201100028966,1,7,0,0.0,2.0,2.0,2.0,A01
201100040580,0,7,0,0.0,1.0,4.0,4.0,A01
201100003550,0,7,0,0.0,2.0,2.0,9.0,A01
201100014640,0,37,2,0.0,1.0,3.0,15.0,A01
201100025847,0,7,0,0.0,2.0,5.0,1.0,B01
201100042515,0,2,0,0.0,2.0,1.0,1.0,B01
201100066677,0,37,1,0.0,1.0,4.0,4.0,A01
201100031741,0,7,0,0.0,2.0,1.0,2.0,A01
201100021817,0,7,0,0.0,2.0,6.0,1.0,B01
201100051545,0,7,0,0.0,2.0,7.0,1.0,A01
201100032134,0,10,0,0.0,0.0,4.0,23.0,B01
201100034304,0,7,0,0.0,2.0,8.0,24.0,C01
201100027529,0,7,0,0.0,2.0,1.0,1.0,B01
201100025773,0,7,0,0.0,2.0,1.0,2.0,A01
201100031362,0,7,0,0.0,2.0,9.0,13.0,A01
201100037735,0,7,0,0.0,2.0,4.0,0.0,B01
201100056967,0,10,0,0.0,0.0,4.0,1.0,C01
201100048841,0,1,0,0.0,2.0,7.0,17.0,B01
201100018304,0,1,0,0.0,2.0,1.0,1.0,B01
201100048874,0,7,0,0.0,2.0,1.0,15.0,B01
201100020388,0,7,0,0.0,2.0,3.0,10.0,A01
201100062553,0,7,0,0.0,2.0,5.0,15.0,A01
201100006630,0,7,0,2.0,2.0,4.0,17.0,B02
201100025426,0,14,0,0.0,2.0,2.0,1.0,B01
201100058433,0,32,0,0.0,2.0,4.0,1.0,A01
201100055693,0,7,0,1.0,1.0,1.0,2.0,A01
201100028376,0,7,0,0.0,2.0,3.0,15.0,B01
201100022697,0,7,0,0.0,2.0,1.0,1.0,D01
201100049586,0,1,0,0.0,0.0,3.0,1.0,B01
201100043217,0,7,0,0.0,1.0,1.0,1.0,A01
201100028190,0,33,0,0.0,0.0,4.0,23.0,B01
201100029686,0,30,0,12.0,0.0,1.0,14.0,A01
201100048928,0,2,0,0.0,2.0,7.0,2.0,A01
201100045054,0,7,0,0.0,2.0,3.0,15.0,A01
201100014955,0,1,0,0.0,2.0,1.0,0.0,B01
201100032577,0,33,0,0.0,2.0,1.0,1.0,B01
201100019004,0,7,0,0.0,2.0,6.0,23.0,D01
201100007613,0,7,0,0.0,0.0,3.0,1.0,A01
201100060206,0,32,0,0.0,1.0,1.0,1.0,A01
201100042735,0,7,0,0.0,2.0,3.0,1.0,B01
201100057243,0,7,0,1.0,0.0,1.0,14.0,A01
201100058426,0,7,0,0.0,0.0,6.0,23.0,B01
201100004543,0,7,0,0.0,2.0,1.0,13.0,A01
201100020952,0,7,0,0.0,2.0,1.0,1.0,A01
201100021619,0,33,0,1.0,2.0,8.0,1.0,B01
201100006546,0,10,0,0.0,2.0,6.0,1.0,B02
201100037395,0,7,0,0.0,2.0,3.0,1.0,A01
201100041182,0,32,0,0.0,5.0,1.0,1.0,B01
201100020942,1,34,0,0.0,1.0,1.0,1.0,Z01
201100052530,0,7,0,0.0,2.0,3.0,2.0,A01
201100005651,0,31,0,0.0,2.0,1.0,1.0,A01
201100038142,0,7,0,0.0,2.0,7.0,1.0,B01
201100023585,0,7,0,14.0,0.0,3.0,1.0,B02
201100060984,0,7,0,0.0,1.0,2.0,7.0,A01
201100006236,0,2,0,0.0,0.0,8.0,1.0,B02
201100002728,0,7,0,0.0,2.0,3.0,1.0,B01
201100032673,0,2,0,0.0,2.0,8.0,1.0,B01
201100046863,0,7,0,0.0,2.0,2.0,22.0,B01
201100050185,0,10,0,0.0,2.0,5.0,15.0,A01
201100024770,0,7,0,0.0,0.0,4.0,2.0,C01
201100033496,0,7,0,0.0,2.0,1.0,2.0,A01
201100041622,0,7,0,0.0,2.0,2.0,19.0,A01
201100039615,0,31,0,0.0,9.0,3.0,2.0,B01
201100014611,0,7,0,2.0,0.0,8.0,13.0,A01
201100064228,0,32,0,0.0,2.0,1.0,1.0,B01
201100023092,0,7,0,0.0,2.0,1.0,0.0,B01
201100047709,1,30,0,0.0,2.0,1.0,17.0,A01
201100060746,0,7,0,0.0,2.0,7.0,1.0,A01
201100003603,0,7,0,0.0,1.0,7.0,1.0,A01
201100008499,0,7,0,0.0,2.0,1.0,13.0,A01
201100061705,0,32,0,0.0,2.0,2.0,1.0,B01
201100038727,0,7,0,0.0,2.0,1.0,15.0,A01
201100052856,0,34,0,0.0,0.0,5.0,1.0,B01
201100066410,0,30,0,0.0,0.0,8.0,1.0,A01
201100029989,0,10,0,0.0,2.0,2.0,16.0,B01
201100017578,0,7,0,0.0,0.0,8.0,19.0,B02
201100063863,0,33,0,0.0,0.0,7.0,13.0,A01
201100049995,0,7,0,6.0,0.0,2.0,14.0,A01
201100034728,0,1,0,0.0,9.0,1.0,1.0,B01
201100052956,0,7,0,0.0,2.0,8.0,11.0,A01
201100020957,0,7,0,0.0,1.0,1.0,2.0,A01
201100024644,0,33,0,0.0,2.0,3.0,18.0,B01
201100039947,0,7,0,0.0,0.0,1.0,1.0,A01
201100001674,0,7,0,0.0,0.0,7.0,1.0,A01
201100020074,0,32,0,1.0,2.0,8.0,1.0,B01
201100020088,0,7,0,0.0,2.0,8.0,0.0,B01
201100020477,0,2,0,0.0,0.0,0.0,1.0,A01
201100035981,0,7,0,0.0,1.0,1.0,1.0,A01
201100048860,0,34,0,0.0,2.0,7.0,17.0,B01
201100018423,0,7,0,0.0,2.0,2.0,1.0,A01
201100006335,0,30,0,0.0,2.0,1.0,13.0,A01
201100024771,0,31,0,0.0,0.0,0.0,21.0,B01
201100039002,0,7,0,0.0,2.0,1.0,2.0,A01
201100058647,0,30,0,0.0,2.0,7.0,1.0,B01
201100022398,0,17,0,0.0,9.0,0.0,1.0,A01
201100051720,0,7,0,0.0,2.0,4.0,2.0,D01
201100040769,0,7,0,0.0,2.0,8.0,15.0,A01
201100056045,0,7,0,0.0,2.0,0.0,13.0,B01
201100005547,0,2,0,0.0,2.0,1.0,13.0,A01
201100046405,0,33,0,0.0,2.0,3.0,2.0,A01
201100033129,0,7,0,0.0,2.0,4.0,23.0,B01
201100036029,1,7,0,15.0,2.0,3.0,1.0,B01
201100006299,0,7,0,2.0,0.0,1.0,1.0,A01
201100018027,0,7,0,0.0,1.0,3.0,1.0,A01
201100056234,0,7,0,9.0,2.0,2.0,19.0,A01
201100055952,0,1,0,0.0,2.0,1.0,1.0,B01
201100002634,0,7,0,0.0,2.0,3.0,15.0,B02
201100062113,0,7,0,0.0,2.0,1.0,1.0,A01
201100022744,2,33,0,0.0,2.0,3.0,13.0,B01
201100009351,0,7,0,0.0,2.0,3.0,1.0,A01
201100024015,0,7,0,0.0,1.0,8.0,1.0,A01
201100030435,0,7,0,0.0,2.0,2.0,10.0,A01
201100049990,0,7,0,0.0,2.0,2.0,1.0,B01
201100006445,0,7,0,14.0,2.0,1.0,1.0,A01
201100045243,0,7,0,0.0,2.0,4.0,2.0,B01
201100048501,0,30,0,0.0,2.0,2.0,1.0,B01
201100029763,0,7,0,0.0,0.0,0.0,14.0,A01
201100046379,0,7,0,0.0,2.0,1.0,24.0,B01
201100022689,0,7,0,0.0,2.0,2.0,1.0,A01
201100026219,0,7,0,0.0,2.0,1.0,1.0,B01
201100043591,0,7,0,0.0,2.0,4.0,2.0,C01
201100054470,0,7,0,0.0,0.0,0.0,0.0,A01
201100025359,0,7,0,0.0,2.0,1.0,1.0,B02
201100023742,0,7,0,0.0,2.0,4.0,23.0,B01
201100027263,0,10,0,0.0,4.0,3.0,1.0,A01
201100048023,0,32,0,0.0,2.0,1.0,2.0,A01
201100023446,0,7,0,0.0,1.0,1.0,1.0,A01
201100027790,0,7,0,0.0,2.0,3.0,15.0,A01
201100016667,0,33,0,0.0,2.0,7.0,1.0,A01
201100043930,0,7,0,0.0,2.0,1.0,2.0,B01
201100036658,0,7,0,0.0,0.0,2.0,15.0,B01
201100065635,0,30,0,2.0,0.0,1.0,11.0,A01
201100061660,0,32,0,0.0,2.0,1.0,2.0,A01
201100055879,0,32,0,0.0,2.0,8.0,2.0,B01
201100057047,0,10,0,0.0,0.0,7.0,1.0,B01
201100021623,0,7,0,0.0,2.0,3.0,0.0,B01
201100060736,0,7,0,0.0,2.0,3.0,12.0,A01
201100065466,0,1,0,0.0,2.0,1.0,1.0,B02
201100009121,0,10,0,0.0,2.0,3.0,1.0,B02
201100049511,0,10,0,0.0,0.0,3.0,1.0,B01
201100009999,0,15,0,0.0,2.0,1.0,1.0,A01
201100005712,0,2,0,0.0,2.0,8.0,0.0,A01
201100032508,0,30,0,0.0,0.0,2.0,1.0,A01
201100034672,0,7,0,0.0,9.0,3.0,1.0,B01
201100007660,0,30,0,0.0,2.0,1.0,1.0,B02
201100065304,0,7,0,0.0,2.0,1.0,13.0,A01
201100040482,0,7,0,0.0,1.0,1.0,1.0,A01
201100035052,0,1,0,0.0,2.0,1.0,19.0,B01
201100032600,0,7,0,0.0,2.0,2.0,0.0,A01
201100038477,0,7,0,0.0,2.0,8.0,15.0,A01
201100032442,0,7,0,0.0,2.0,6.0,24.0,B01
201100018835,0,7,0,0.0,0.0,5.0,15.0,A01
201100032176,0,7,0,0.0,1.0,1.0,1.0,A01
201100048668,0,7,0,0.0,2.0,1.0,2.0,A01
201100026328,0,10,0,0.0,2.0,3.0,13.0,A01
201100058241,0,7,0,0.0,0.0,8.0,1.0,B01
201100045022,0,7,0,0.0,2.0,1.0,5.0,A01
201100019544,0,7,0,0.0,2.0,4.0,2.0,B01
201100055169,0,7,0,0.0,2.0,1.0,2.0,D01
201100021993,0,7,0,0.0,2.0,2.0,16.0,A01
201100051557,0,7,0,1.0,2.0,1.0,1.0,B01
201100009237,0,7,0,2.0,0.0,9.0,1.0,A01
201100038113,0,7,0,0.0,2.0,2.0,15.0,A01
201100023445,0,2,0,8.0,2.0,1.0,17.0,B01
201100054256,0,10,0,0.0,0.0,5.0,23.0,B01
201100053701,0,7,0,0.0,2.0,4.0,1.0,B01
201100000982,0,7,0,0.0,9.0,9.0,1.0,A01
201100058597,1,7,0,0.0,1.0,0.0,1.0,Z01
201100039689,0,7,0,0.0,2.0,1.0,1.0,B01
201100053939,1,99,0,0.0,2.0,2.0,1.0,Z01
201100018715,0,7,0,2.0,0.0,2.0,1.0,A01
201100018743,0,7,0,0.0,2.0,1.0,15.0,B01
201100016943,0,7,0,0.0,0.0,4.0,1.0,B02
201100012637,0,7,0,0.0,2.0,3.0,20.0,B02
201100020501,0,7,0,0.0,0.0,1.0,23.0,B01
201100055599,0,1,0,0.0,2.0,3.0,1.0,B01
201100020995,0,7,0,0.0,2.0,3.0,0.0,B01
201100034816,0,37,1,0.0,2.0,3.0,1.0,B01
201100065737,0,7,0,0.0,2.0,2.0,15.0,A01
201100041654,0,30,0,0.0,2.0,1.0,2.0,A01
201100052340,0,7,0,0.0,2.0,2.0,1.0,A01
201100039993,0,7,0,0.0,1.0,1.0,16.0,A01
201100009249,0,10,0,0.0,2.0,1.0,21.0,B02
201100005439,0,2,0,0.0,0.0,1.0,1.0,A01
201100065991,0,7,0,6.0,0.0,1.0,14.0,A01
201100042872,0,7,0,0.0,2.0,2.0,1.0,B01
201100053766,0,34,0,0.0,2.0,2.0,3.0,A01
201100042216,0,33,0,0.0,2.0,7.0,17.0,A01
201100037210,0,37,0,0.0,0.0,0.0,0.0,A01
201100049660,0,7,0,0.0,2.0,8.0,0.0,A01
201100038609,0,7,0,0.0,1.0,1.0,1.0,A01
201100051050,0,7,0,0.0,2.0,3.0,6.0,A01
201100018452,0,7,0,0.0,2.0,7.0,17.0,B02
201100039734,0,7,0,0.0,1.0,5.0,1.0,A01
201100022095,0,15,0,0.0,2.0,3.0,1.0,B02
201100019382,0,34,0,0.0,2.0,1.0,18.0,A01
201100049203,0,7,0,0.0,2.0,3.0,15.0,A01
201100023767,0,2,0,0.0,2.0,8.0,1.0,B01
201100034277,0,7,0,0.0,2.0,0.0,0.0,F02
201100025404,0,30,0,0.0,2.0,0.0,1.0,B01
201100026368,0,30,0,0.0,0.0,8.0,1.0,A01
201100021604,0,7,0,0.0,2.0,5.0,1.0,B01
201100056164,0,7,0,0.0,2.0,4.0,2.0,B01
201100014347,0,7,0,0.0,2.0,1.0,1.0,A01
201100050059,0,10,0,0.0,2.0,1.0,2.0,C01
201100047769,0,34,0,0.0,2.0,1.0,13.0,B01
201100020084,0,7,0,0.0,2.0,7.0,12.0,A01
201100061783,0,15,0,0.0,2.0,6.0,0.0,B01
201100019856,0,2,0,0.0,2.0,1.0,1.0,A01
201100027452,0,33,0,0.0,2.0,1.0,1.0,A01
201100019395,0,30,0,0.0,0.0,8.0,1.0,B01
201100051571,0,30,0,0.0,0.0,1.0,18.0,B01
201100054870,0,7,0,0.0,2.0,1.0,2.0,D01
201100042712,0,2,0,0.0,1.0,1.0,1.0,A01
201100057499,0,7,0,0.0,2.0,6.0,12.0,B01
201100066504,0,7,0,0.0,2.0,2.0,21.0,B01
201100064525,0,7,0,0.0,2.0,4.0,2.0,B01
201100014230,0,7,0,0.0,2.0,8.0,19.0,A01
201100050519,0,7,0,0.0,2.0,3.0,1.0,A01
201100062594,0,31,0,0.0,2.0,7.0,1.0,A01
201100042602,0,7,0,0.0,2.0,1.0,1.0,A01
201100047482,0,30,0,0.0,0.0,3.0,1.0,A01
201100000392,0,7,0,0.0,0.0,8.0,10.0,A01
201100042107,0,7,0,0.0,9.0,1.0,1.0,B01
201100028863,1,7,0,1.0,0.0,1.0,2.0,A01
201100015570,0,7,0,0.0,2.0,4.0,1.0,B01
201100019482,0,7,0,0.0,2.0,8.0,15.0,B01
201100042137,0,7,0,2.0,0.0,1.0,14.0,A01
201100040027,0,7,0,0.0,2.0,2.0,1.0,A01
201100023817,0,2,0,0.0,2.0,1.0,1.0,B01
201100013897,0,33,0,0.0,0.0,1.0,1.0,A01